Workbook
Name NativeTimeline_Enrollment_Date: #N/A
Name Slicer_Course: #N/A
Name Slicer_Lead_Source: #N/A
Name Slicer_Month1: #N/A

Sheet Edtech Sales Data
A1: Record ID | B1: Enrollment ID | C1: Student ID | D1: Gender | E1: Age | F1: Enrollment date | G1: Month | H1: Enrollment Status | I1: Lead Source | J1: Course Code | K1: Course | L1: Fees | M1: City
A2: 1 | B2: 408-2726532 | C2: 27265 | D2: Female | E2: 42 | F2: 45292 | G2: =TEXT(Table1[[#This Row],[Enrollment date]], "mmm") -> Jan | H2: Enrolled | I2: Website | J2: =_xlfn.XLOOKUP(Table1[[#This Row],[Course ]], CCF!B:B, CCF!A:A) -> DA202 | K2: Data analytics | L2: =_xlfn.XLOOKUP(K2, CCF!B:B, CCF!C:C) -> 79999 | M2: Zirakpur
A3: 2 | B3: 171-9236722 | C3: 92367 | D3: Female | E3: 20 | F3: 45292 | G3: =TEXT(Table1[[#This Row],[Enrollment date]], "mmm") -> Jan | H3: Enrolled | I3: Website | J3: =_xlfn.XLOOKUP(Table1[[#This Row],[Course ]], CCF!B:B, CCF!A:A) -> DA202 | K3: Data analytics | L3: =_xlfn.XLOOKUP(K3, CCF!B:B, CCF!C:C) -> 79999 | M3: Navi Mumbai
A4: 3 | B4: 403-8361465 | C4: 83614 | D4: Female | E4: 68 | F4: 45293 | G4: =TEXT(Table1[[#This Row],[Enrollment date]], "mmm") -> Jan | H4: Enrolled | I4: Facebook ads | J4: =_xlfn.XLOOKUP(Table1[[#This Row],[Course ]], CCF!B:B, CCF!A:A) -> DA202 | K4: Data analytics | L4: =_xlfn.XLOOKUP(K4, CCF!B:B, CCF!C:C) -> 79999 | M4: Kozhikode
A5: 4 | B5: 406-7628092 | C5: 76280 | D5: Female | E5: 24 | F5: 45293 | G5: =TEXT(Table1[[#This Row],[Enrollment date]], "mmm") -> Jan | H5: Enrolled | I5: Facebook ads | J5: =_xlfn.XLOOKUP(Table1[[#This Row],[Course ]], CCF!B:B, CCF!A:A) -> BA301 | K5: Business analytics | L5: =_xlfn.XLOOKUP(K5, CCF!B:B, CCF!C:C) -> 59999 | M5: Bengaluru
A6: 5 | B6: 405-7935467 | C6: 79354 | D6: Female | E6: 27 | F6: 45293 | G6: =TEXT(Table1[[#This Row],[Enrollment date]], "mmm") -> Jan | H6: Enrolled | I6: Website | J6: =_xlfn.XLOOKUP(Table1[[#This Row],[Course ]], CCF!B:B, CCF!A:A) -> DM101 | K6: Digial marketing | L6: =_xlfn.XLOOKUP(K6, CCF!B:B, CCF!C:C) -> 85499 | M6: Kunnathunad
A7: 6 | B7: 171-9749569 | C7: 97495 | D7: Female | E7: 23 | F7: 45293 | G7: =TEXT(Table1[[#This Row],[Enrollment date]], "mmm") -> Jan | H7: Dropped | I7: Google ads | J7: =_xlfn.XLOOKUP(Table1[[#This Row],[Course ]], CCF!B:B, CCF!A:A) -> DM101 | K7: Digial marketing | L7: =_xlfn.XLOOKUP(K7, CCF!B:B, CCF!C:C) -> 85499 | M7: Bangalore
A8: 7 | B8: 408-6068156 | C8: 60681 | D8: Female | E8: 29 | F8: 45293 | G8: =TEXT(Table1[[#This Row],[Enrollment date]], "mmm") -> Jan | H8: Enrolled | I8: Facebook ads | J8: =_xlfn.XLOOKUP(Table1[[#This Row],[Course ]], CCF!B:B, CCF!A:A) -> BA301 | K8: Business analytics | L8: =_xlfn.XLOOKUP(K8, CCF!B:B, CCF!C:C) -> 59999 | M8: Doiwala
A9: 8 | B9: 171-7130304 | C9: 71303 | D9: Female | E9: 44 | F9: 45294 | G9: =TEXT(Table1[[#This Row],[Enrollment date]], "mmm") -> Jan | H9: Enrolled | I9: Google ads | J9: =_xlfn.XLOOKUP(Table1[[#This Row],[Course ]], CCF!B:B, CCF!A:A) -> BA301 | K9: Business analytics | L9: =_xlfn.XLOOKUP(K9, CCF!B:B, CCF!C:C) -> 59999 | M9: Bengaluru
A10: 9 | B10: 404-2966775 | C10: 29667 | D10: Male | E10: 46 | F10: 45294 | G10: =TEXT(Table1[[#This Row],[Enrollment date]], "mmm") -> Jan | H10: Enrolled | I10: Facebook ads | J10: =_xlfn.XLOOKUP(Table1[[#This Row],[Course ]], CCF!B:B, CCF!A:A) -> DM101 | K10: Digial marketing | L10: =_xlfn.XLOOKUP(K10, CCF!B:B, CCF!C:C) -> 85499 | M10: Vijayawada
A11: 10 | B11: 171-3928696 | C11: 39286 | D11: Female | E11: 25 | F11: 45294 | G11: =TEXT(Table1[[#This Row],[Enrollment date]], "mmm") -> Jan | H11: Enrolled | I11: Email campaign | J11: =_xlfn.XLOOKUP(Table1[[#This Row],[Course ]], CCF!B:B, CCF!A:A) -> BA301 | K11: Business analytics | L11: =_xlfn.XLOOKUP(K11, CCF!B:B, CCF!C:C) -> 59999 | M11: Panchkula
A12: 11 | B12: 406-1077707 | C12: 10777 | D12: Female | E12: 22 | F12: 45294 | G12: =TEXT(Table1[[#This Row],[Enrollment date]], "mmm") -> Jan | H12: Enrolled | I12: Website | J12: =_xlfn.XLOOKUP(Table1[[#This Row],[Course ]], CCF!B:B, CCF!A:A) -> DM101 | K12: Digial marketing | L12: =_xlfn.XLOOKUP(K12, CCF!B:B, CCF!C:C) -> 85499 | M12: New Delhi
A13: 12 | B13: 407-7342628 | C13: 73426 | D13: Female | E13: 35 | F13: 45295 | G13: =TEXT(Table1[[#This Row],[Enrollment date]], "mmm") -> Jan | H13: Refunded | I13: Google ads | J13: =_xlfn.XLOOKUP(Table1[[#This Row],[Course ]], CCF!B:B, CCF!A:A) -> DA202 | K13: Data analytics | L13: =_xlfn.XLOOKUP(K13, CCF!B:B, CCF!C:C) -> 79999 | M13: Nizamabad
... A2500: 2499 | B2500: 406-3247235 | C2500: 32472 | D2500: Female | E2500: 50 | F2500: 45657 | G2500: =TEXT(Table1[[#This Row],[Enrollment date]], "mmm") -> Dec | H2500: Refunded | I2500: Facebook ads | J2500: =_xlfn.XLOOKUP(Table1[[#This Row],[Course ]], CCF!B:B, CCF!A:A) -> DA202 | K2500: Data analytics | L2500: =_xlfn.XLOOKUP(K2500, CCF!B:B, CCF!C:C) -> 79999 | M2500: Ongole

Sheet BussOverview
E13: =KPIs!A4 -> 2499 | F13: =KPIs!B4 -> 202057238 | G13: =KPIs!C4 -> 80855.237

Sheet Mkt&course
E13: =KPIs!A4 -> 2499 | F13: =KPIs!B4 -> 202057238 | G13: =KPIs!C4 -> 80855.237

Sheet Enrllmnt by course
A4: Row Labels | B4: Count of Enrollment ID
A5: AI & ML | B5: 23
A6: Business analytics | B6: 359
A7: Cloud Computing | B7: 6
A8: Data analytics | B8: 824
A9: Digial marketing | B9: 995
A10: Full stack development | B10: 159
A11: HR Analytics | B11: 14
A12: UI/UX Design | B12: 119
A13: Grand Total | B13: 2499

Sheet Enrollment by Lead Source
A4: Row Labels | B4: Count of Enrollment ID
A5: Email campaign | B5: 100
A6: Facebook ads | B6: 875
A7: Google ads | B7: 532
A8: Instagram ads | B8: 144
A9: Referral | B9: 144
A10: Website | B10: 593
A11: Whatsapp | B11: 111
A12: Grand Total | B12: 2499

Sheet Revenue by course
A4: Row Labels | B4: Sum of Fees
A5: AI & ML | B5: 2759770
A6: Business analytics | B6: 21539641
A7: Cloud Computing | B7: 599940
A8: Data analytics | B8: 65919176
A9: Digial marketing | B9: 85071505
A10: Full stack development | B10: 17488410
A11: HR Analytics | B11: 587986
A12: UI/UX Design | B12: 8090810
A13: Grand Total | B13: 202057238

Sheet Monthly enrollments
A5: Row Labels | B5: Count of Enrollment ID
A6: Jan | B6: 218
A7: Feb | B7: 192
A8: Mar | B8: 227
A9: Apr | B9: 201
A10: May | B10: 221
A11: Jun | B11: 204
A12: Jul | B12: 225
A13: Aug | B13: 204
A14: Sep | B14: 201
A15: Oct | B15: 186
A16: Nov | B16: 211
A17: Dec | B17: 209
A18: Grand Total | B18: 2499

Sheet Enrollment by gender
A5: Row Labels | B5: Count of Enrollment ID
A6: Female | B6: 1752
A7: Male | B7: 747
A8: Grand Total | B8: 2499

Sheet Enrollment status
B4: Row Labels | C4: Count of Enrollment ID
B5: Dropped | C5: 68
B6: Enrolled | C6: 2323
B7: Refunded | C7: 108
B8: Grand Total | C8: 2499

Sheet Enrollment by City
B4: Row Labels | C4: Count of Enrollment ID
B5: Bengaluru | C5: 206
B6: Hyderabad | C6: 164
B7: Grand Total | C7: 370

Sheet KPIs
A3: Count of Enrollment ID | B3: Sum of Fees | C3: Average of Fees
A4: 2499 | B4: 202057238 | C4: 80855.237

Sheet CCF
A1: Course Code | B1: Course | C1: Fees
A2: DA202 | B2: Data analytics | C2: 79999
A3: BA301 | B3: Business analytics | C3: 59999
A4: DM101 | B4: Digial marketing | C4: 85499
A5: FSD103 | B5: Full stack development | C5: 109990
A6: UX401 | B6: UI/UX Design | C6: 67990
A7: HR201 | B7: HR Analytics | C7: 41999
A8: AI001 | B8: AI & ML | C8: 119990
A9: CC002 | B9: Cloud Computing | C9: 99990
